date,store_type,region,marketing_campaign,units_sold,revenue
2023-01-01,Online,Western,Yes,6,11876.03
2023-01-02,Physical,Rift Valley,Yes,8,14333.0
2023-01-03,Physical,Western,No,4,8101.97
2023-01-04,Physical,Coast,No,8,10928.92
2023-01-05,Online,Nairobi,No,9,18166.4
2023-01-06,Online,Coast,No,6,10362.54
2023-01-07,Online,Coast,Yes,7,9030.74
2023-01-08,Physical,Central,No,8,10020.35
2023-01-09,Physical,Central,No,2,2635.78
2023-01-10,Physical,Central,No,3,5483.8
2023-01-11,Online,Central,No,2,4110.02
2023-01-12,Physical,Western,No,4,6424.62
2023-01-13,Physical,Rift Valley,No,7,9402.18
2023-01-14,Online,Nairobi,Yes,7,10862.48
2023-01-15,Online,Coast,Yes,9,20962.91
2023-01-16,Online,Western,No,6,7356.59
2023-01-17,Online,Nairobi,Yes,2,3716.15
2023-01-18,Physical,Western,Yes,4,10162.97
2023-01-19,Online,Western,Yes,9,15302.17
2023-01-20,Online,Coast,No,3,3691.02
2023-01-21,Physical,Rift Valley,Yes,3,3347.75
2023-01-22,Online,Central,No,9,21989.89
2023-01-23,Online,Rift Valley,No,3,5295.14
2023-01-24,Online,Coast,Yes,7,10973.8
2023-01-25,Physical,Coast,Yes,7,11618.24
2023-01-26,Physical,Coast,Yes,3,4488.84
2023-01-27,Online,Nairobi,No,4,4140.11
2023-01-28,Physical,Rift Valley,Yes,1,1996.9
2023-01-29,Physical,Rift Valley,Yes,3,5210.0
2023-01-30,Online,Western,Yes,5,10825.21
2023-01-31,Physical,Western,No,5,7509.83
2023-02-01,Online,Western,No,6,10159.87
2023-02-02,Online,Coast,No,1,912.51
2023-02-03,Physical,Rift Valley,No,6,10634.13
2023-02-04,Physical,Coast,Yes,6,8097.2
2023-02-05,Physical,Nairobi,No,1,1250.37
2023-02-06,Online,Western,Yes,3,5091.52
2023-02-07,Online,Coast,No,6,5823.81
2023-02-08,Physical,Coast,No,8,10601.86
2023-02-09,Online,Nairobi,No,8,11478.23
2023-02-10,Online,Central,Yes,8,14032.9
2023-02-11,Physical,Rift Valley,Yes,8,9104.74
2023-02-12,Online,Central,Yes,2,4499.13
2023-02-13,Physical,Western,Yes,6,11173.98
2023-02-14,Online,Coast,Yes,4,6278.39
2023-02-15,Physical,Nairobi,Yes,8,12194.93
2023-02-16,Online,Nairobi,Yes,11,24371.35
2023-02-17,Physical,Rift Valley,No,2,2845.51
2023-02-18,Physical,Central,No,5,5639.2
2023-02-19,Online,Rift Valley,No,10,16224.15
2023-02-20,Physical,Coast,Yes,4,5398.78
2023-02-21,Physical,Rift Valley,No,8,10301.1
2023-02-22,Physical,Nairobi,Yes,4,6830.14
2023-02-23,Physical,Nairobi,No,3,5449.69
2023-02-24,Physical,Western,Yes,6,14538.28
2023-02-25,Physical,Western,No,7,13361.49
2023-02-26,Online,Coast,No,4,6505.15
2023-02-27,Online,Central,No,7,16764.48
2023-02-28,Online,Rift Valley,No,4,7336.92
2023-03-01,Online,Coast,No,3,3980.11
2023-03-02,Online,Western,No,4,6724.81
2023-03-03,Online,Rift Valley,No,6,8599.31
2023-03-04,Physical,Western,No,6,6753.77
2023-03-05,Online,Rift Valley,No,8,10100.05
2023-03-06,Online,Central,No,7,11209.89
2023-03-07,Physical,Coast,No,2,3452.52
2023-03-08,Online,Rift Valley,No,6,12015.04
2023-03-09,Physical,Nairobi,Yes,4,5182.29
2023-03-10,Online,Nairobi,Yes,2,3564.83
2023-03-11,Physical,Rift Valley,Yes,9,17035.86
2023-03-12,Physical,Rift Valley,Yes,5,8886.96
2023-03-13,Online,Rift Valley,Yes,3,6483.24
2023-03-14,Online,Nairobi,No,2,3013.1
2023-03-15,Physical,Nairobi,Yes,6,12984.93
2023-03-16,Physical,Rift Valley,No,3,4496.18
2023-03-17,Physical,Western,Yes,6,11918.49
2023-03-18,Physical,Western,Yes,5,7968.17
2023-03-19,Online,Central,No,2,3338.54
2023-03-20,Online,Coast,No,7,7863.18
2023-03-21,Online,Western,Yes,6,9479.71
2023-03-22,Physical,Nairobi,No,5,7188.8
2023-03-23,Physical,Western,No,8,12240.15
2023-03-24,Online,Central,Yes,3,8745.05
2023-03-25,Online,Central,Yes,5,8762.84
2023-03-26,Online,Coast,No,5,5978.54
2023-03-27,Online,Western,No,4,8847.28
2023-03-28,Physical,Nairobi,No,3,5470.95
2023-03-29,Physical,Nairobi,No,3,3459.14
2023-03-30,Physical,Rift Valley,Yes,5,9427.58
2023-03-31,Physical,Nairobi,No,5,8752.81
2023-04-01,Online,Coast,Yes,6,11758.03
2023-04-02,Physical,Coast,No,6,9586.48
2023-04-03,Physical,Nairobi,No,6,7861.94
2023-04-04,Physical,Nairobi,No,6,9906.82
2023-04-05,Physical,Rift Valley,Yes,7,10888.38
2023-04-06,Physical,Nairobi,Yes,2,1624.68
2023-04-07,Physical,Rift Valley,No,5,7794.4
2023-04-08,Online,Rift Valley,No,3,3290.81
2023-04-09,Online,Nairobi,No,1,1984.45
2023-04-10,Online,Central,Yes,8,11746.83
2023-04-11,Online,Central,No,0,0.0
2023-04-12,Physical,Rift Valley,Yes,4,4458.38
2023-04-13,Online,Nairobi,No,3,4908.94
2023-04-14,Physical,Central,Yes,3,5368.04
2023-04-15,Physical,Nairobi,No,2,2152.42
2023-04-16,Online,Nairobi,Yes,3,4471.59
2023-04-17,Online,Nairobi,No,8,13178.7
2023-04-18,Physical,Western,No,6,10750.01
2023-04-19,Online,Nairobi,Yes,4,5753.1
2023-04-20,Online,Western,Yes,6,12248.38
2023-04-21,Online,Rift Valley,Yes,5,6188.33
2023-04-22,Online,Central,Yes,1,2017.38
2023-04-23,Physical,Central,No,3,5180.21
2023-04-24,Physical,Central,No,3,4971.79
2023-04-25,Physical,Central,No,3,5394.96
2023-04-26,Physical,Central,No,9,16004.9
2023-04-27,Physical,Central,No,2,4108.16
2023-04-28,Online,Central,Yes,3,5816.16
2023-04-29,Physical,Rift Valley,Yes,5,11816.06
2023-04-30,Physical,Nairobi,No,4,4867.08
2023-05-01,Physical,Coast,No,3,4315.19
2023-05-02,Physical,Western,Yes,3,5055.97
2023-05-03,Online,Coast,Yes,0,0.0
2023-05-04,Online,Coast,No,2,1741.97
2023-05-05,Online,Nairobi,No,7,13558.08
2023-05-06,Online,Nairobi,Yes,4,6178.36
2023-05-07,Physical,Nairobi,No,3,4139.25
2023-05-08,Physical,Central,No,11,21729.13
2023-05-09,Online,Rift Valley,Yes,2,4229.21
2023-05-10,Physical,Central,Yes,6,13952.24
2023-05-11,Online,Rift Valley,No,11,18587.53
2023-05-12,Online,Rift Valley,No,3,5499.94
2023-05-13,Online,Coast,Yes,5,9030.83
2023-05-14,Online,Coast,No,6,8219.58
2023-05-15,Physical,Rift Valley,No,4,6662.15
2023-05-16,Online,Rift Valley,No,3,4518.46
2023-05-17,Physical,Central,No,10,16933.57
2023-05-18,Physical,Central,No,2,2657.72
2023-05-19,Online,Coast,No,4,6368.49
2023-05-20,Physical,Nairobi,No,7,10299.91
2023-05-21,Physical,Rift Valley,No,6,10938.54
2023-05-22,Online,Central,No,7,10569.75
2023-05-23,Physical,Coast,No,5,9280.49
2023-05-24,Online,Central,Yes,7,10878.76
2023-05-25,Online,Rift Valley,No,1,1739.05
2023-05-26,Online,Rift Valley,No,6,8538.55
2023-05-27,Physical,Western,Yes,5,10549.66
2023-05-28,Physical,Nairobi,No,15,18816.01
2023-05-29,Online,Western,No,6,8480.87
2023-05-30,Online,Coast,Yes,3,4262.2
2023-05-31,Physical,Central,Yes,2,3521.1
2023-06-01,Online,Coast,Yes,5,10609.01
2023-06-02,Online,Rift Valley,Yes,7,14565.93
2023-06-03,Physical,Western,No,3,4370.19
2023-06-04,Physical,Western,Yes,3,4491.34
2023-06-05,Online,Western,No,4,6232.14
2023-06-06,Physical,Coast,No,2,2855.68
2023-06-07,Physical,Rift Valley,No,3,4727.35
2023-06-08,Online,Central,No,5,8553.36
2023-06-09,Physical,Central,Yes,7,16276.42
2023-06-10,Online,Coast,No,5,8315.4
2023-06-11,Physical,Western,Yes,7,12946.33
2023-06-12,Physical,Nairobi,No,2,3042.87
2023-06-13,Physical,Coast,No,6,8411.88
2023-06-14,Online,Coast,Yes,4,8127.49
2023-06-15,Physical,Rift Valley,Yes,2,3159.74
2023-06-16,Online,Central,No,6,9784.73
2023-06-17,Online,Coast,No,3,6097.68
2023-06-18,Online,Coast,No,3,4469.49
2023-06-19,Physical,Western,Yes,4,7434.53
2023-06-20,Physical,Western,No,4,3022.38
2023-06-21,Online,Nairobi,Yes,5,9135.81
2023-06-22,Physical,Rift Valley,No,4,5409.46
2023-06-23,Online,Nairobi,No,6,10138.12
2023-06-24,Physical,Western,No,4,5716.52
2023-06-25,Online,Central,No,7,11876.91
2023-06-26,Physical,Western,Yes,9,14349.24
2023-06-27,Online,Rift Valley,No,3,5332.47
2023-06-28,Physical,Western,No,4,3942.43
2023-06-29,Online,Rift Valley,Yes,3,5819.34
2023-06-30,Online,Rift Valley,No,4,5363.06
2023-07-01,Online,Rift Valley,Yes,5,11703.53
2023-07-02,Physical,Rift Valley,No,2,2428.07
2023-07-03,Physical,Rift Valley,No,5,8992.83
2023-07-04,Online,Central,No,10,16461.94
2023-07-05,Physical,Nairobi,Yes,5,5470.38
2023-07-06,Physical,Coast,No,5,6185.6
2023-07-07,Physical,Nairobi,No,7,12280.38
2023-07-08,Physical,Rift Valley,No,5,8686.51
2023-07-09,Online,Central,No,7,8548.5
2023-07-10,Online,Western,Yes,3,7471.81
2023-07-11,Physical,Central,No,3,4477.89
2023-07-12,Physical,Rift Valley,No,6,10592.72
2023-07-13,Physical,Central,No,4,4545.79
2023-07-14,Online,Central,No,4,5998.15
2023-07-15,Online,Rift Valley,No,2,3574.5
2023-07-16,Physical,Central,No,2,2812.1
2023-07-17,Physical,Coast,No,3,1871.29
2023-07-18,Physical,Coast,Yes,4,6636.72
2023-07-19,Physical,Central,Yes,6,6283.07
2023-07-20,Physical,Western,Yes,4,5422.44
2023-07-21,Online,Rift Valley,Yes,5,6825.56
2023-07-22,Online,Coast,No,4,8094.97
2023-07-23,Physical,Western,No,5,9669.53
2023-07-24,Physical,Central,No,8,12819.75
2023-07-25,Online,Western,No,4,6296.31
2023-07-26,Online,Nairobi,No,2,3318.7
2023-07-27,Physical,Coast,No,2,3679.11
2023-07-28,Online,Central,No,3,2986.41
2023-07-29,Online,Rift Valley,No,6,7771.3
2023-07-30,Physical,Central,No,4,7204.85
2023-07-31,Physical,Rift Valley,Yes,3,6429.7
2023-08-01,Physical,Central,Yes,4,7713.82
2023-08-02,Online,Western,No,3,3915.48
2023-08-03,Physical,Western,No,8,14374.92
2023-08-04,Online,Western,Yes,4,9656.65
2023-08-05,Online,Nairobi,No,8,15096.18
2023-08-06,Physical,Rift Valley,No,4,3007.19
2023-08-07,Physical,Western,Yes,4,7071.94
2023-08-08,Physical,Nairobi,Yes,1,1926.91
2023-08-09,Physical,Rift Valley,No,3,4035.94
2023-08-10,Physical,Central,No,8,12448.02
2023-08-11,Online,Nairobi,Yes,6,10215.85
2023-08-12,Online,Coast,No,6,8194.05
2023-08-13,Online,Nairobi,No,9,19336.45
2023-08-14,Online,Nairobi,No,4,6883.89
2023-08-15,Physical,Rift Valley,Yes,3,4030.31
2023-08-16,Online,Central,Yes,8,11000.64
2023-08-17,Physical,Coast,No,3,3725.12
2023-08-18,Physical,Western,No,2,2486.66
2023-08-19,Physical,Western,No,2,3087.92
2023-08-20,Physical,Nairobi,Yes,7,13247.62
2023-08-21,Physical,Rift Valley,No,5,8226.73
2023-08-22,Physical,Rift Valley,Yes,6,8797.27
2023-08-23,Online,Western,Yes,5,11234.4
2023-08-24,Physical,Coast,Yes,9,19337.46
2023-08-25,Online,Central,Yes,4,7195.38
2023-08-26,Online,Coast,No,5,6547.08
2023-08-27,Physical,Central,No,7,10710.59
2023-08-28,Online,Western,Yes,3,8151.75
2023-08-29,Physical,Central,No,8,9460.09
2023-08-30,Physical,Rift Valley,Yes,5,7717.37
2023-08-31,Physical,Nairobi,No,5,7586.15
2023-09-01,Online,Nairobi,No,2,3657.5
2023-09-02,Online,Western,Yes,8,9151.78
2023-09-03,Physical,Rift Valley,No,9,17025.9
2023-09-04,Online,Coast,Yes,3,7163.77
2023-09-05,Physical,Rift Valley,Yes,4,6313.78
2023-09-06,Physical,Nairobi,Yes,4,10635.13
2023-09-07,Physical,Nairobi,No,4,7473.25
2023-09-08,Online,Rift Valley,No,9,18338.12
2023-09-09,Online,Rift Valley,Yes,5,11740.88
2023-09-10,Physical,Nairobi,No,6,11085.69
2023-09-11,Online,Coast,No,7,11499.39
2023-09-12,Online,Western,No,11,17710.92
2023-09-13,Physical,Western,No,10,12169.29
2023-09-14,Physical,Rift Valley,No,7,9287.52
2023-09-15,Physical,Western,Yes,4,6470.96
2023-09-16,Physical,Nairobi,Yes,5,8737.92
2023-09-17,Online,Nairobi,No,4,8709.75
2023-09-18,Physical,Rift Valley,Yes,5,4998.2
2023-09-19,Physical,Rift Valley,No,6,11420.88
2023-09-20,Online,Rift Valley,No,6,7896.49
2023-09-21,Physical,Coast,Yes,0,0.0
2023-09-22,Physical,Western,Yes,4,5900.33
2023-09-23,Physical,Rift Valley,Yes,4,9458.9
2023-09-24,Physical,Central,No,7,9450.09
2023-09-25,Physical,Central,No,9,14907.91
2023-09-26,Online,Nairobi,Yes,3,6345.16
2023-09-27,Online,Western,Yes,3,4371.83
2023-09-28,Physical,Rift Valley,Yes,4,6766.46
2023-09-29,Physical,Central,No,3,5583.89
2023-09-30,Physical,Western,Yes,5,7118.67
2023-10-01,Physical,Nairobi,No,7,12240.83
2023-10-02,Physical,Coast,Yes,2,3221.55
2023-10-03,Physical,Western,Yes,8,17011.69
2023-10-04,Physical,Western,No,5,10121.25
2023-10-05,Physical,Coast,No,6,5385.89
2023-10-06,Physical,Western,No,4,4394.24
2023-10-07,Physical,Nairobi,No,5,6842.24
2023-10-08,Physical,Nairobi,Yes,9,20075.14
2023-10-09,Online,Coast,No,3,5477.14
2023-10-10,Online,Rift Valley,Yes,4,5700.47
2023-10-11,Online,Central,Yes,5,10775.75
2023-10-12,Physical,Rift Valley,No,4,4903.52
2023-10-13,Online,Western,No,3,5811.83
2023-10-14,Physical,Central,No,9,14955.21
2023-10-15,Physical,Coast,No,4,4898.27
2023-10-16,Online,Coast,No,5,8141.18
2023-10-17,Physical,Central,Yes,4,8590.06
2023-10-18,Online,Nairobi,Yes,5,5897.36
2023-10-19,Online,Central,No,5,8746.83
2023-10-20,Physical,Western,Yes,9,12088.08
2023-10-21,Online,Nairobi,No,5,8223.29
2023-10-22,Online,Coast,No,8,14408.49
2023-10-23,Physical,Central,Yes,5,12097.72
2023-10-24,Physical,Rift Valley,No,2,2984.22
2023-10-25,Online,Rift Valley,No,3,6400.87
2023-10-26,Physical,Western,Yes,2,2870.06
2023-10-27,Online,Rift Valley,No,5,7433.22
2023-10-28,Online,Central,No,3,5531.19
2023-10-29,Physical,Central,Yes,3,5383.82
2023-10-30,Physical,Rift Valley,No,6,8408.85
2023-10-31,Physical,Central,No,6,8360.07
2023-11-01,Physical,Western,Yes,6,13109.92
2023-11-02,Physical,Nairobi,No,5,7067.34
2023-11-03,Physical,Western,Yes,4,5491.23
2023-11-04,Online,Western,No,2,2735.78
2023-11-05,Physical,Central,No,6,10205.82
2023-11-06,Online,Nairobi,Yes,5,13769.25
2023-11-07,Online,Central,Yes,4,6794.59
2023-11-08,Online,Coast,No,4,9436.19
2023-11-09,Online,Central,No,4,6585.69
2023-11-10,Physical,Central,No,7,9912.39
2023-11-11,Physical,Central,Yes,4,5643.82
2023-11-12,Physical,Nairobi,No,5,7202.98
2023-11-13,Online,Central,No,4,5601.89
2023-11-14,Online,Nairobi,No,3,4121.98
2023-11-15,Online,Rift Valley,Yes,6,7623.28
2023-11-16,Online,Coast,No,7,15629.73
2023-11-17,Physical,Nairobi,No,8,14554.53
2023-11-18,Physical,Rift Valley,Yes,3,5456.11
2023-11-19,Physical,Nairobi,No,3,4370.39
2023-11-20,Online,Nairobi,Yes,6,11372.29
2023-11-21,Physical,Coast,No,3,3800.78
2023-11-22,Physical,Western,No,3,3479.53
2023-11-23,Physical,Western,Yes,3,5917.52
2023-11-24,Physical,Nairobi,No,4,5685.33
2023-11-25,Online,Central,No,4,7029.97
2023-11-26,Online,Rift Valley,Yes,1,1266.6
2023-11-27,Online,Central,No,5,7729.54
2023-11-28,Physical,Central,No,10,11539.92
2023-11-29,Online,Nairobi,No,4,7238.95
2023-11-30,Online,Nairobi,Yes,9,20476.87
2023-12-01,Online,Nairobi,No,2,4263.4
2023-12-02,Online,Nairobi,No,5,7212.18
2023-12-03,Physical,Western,Yes,9,12022.87
2023-12-04,Physical,Nairobi,No,8,10995.38
2023-12-05,Physical,Western,No,2,2580.41
2023-12-06,Online,Western,No,3,5376.92
2023-12-07,Physical,Nairobi,No,3,3237.5
2023-12-08,Physical,Coast,No,4,3894.73
2023-12-09,Online,Rift Valley,No,2,3071.34
2023-12-10,Online,Central,Yes,6,13039.25
2023-12-11,Online,Western,No,2,2621.88
2023-12-12,Physical,Rift Valley,No,6,10528.4
2023-12-13,Physical,Coast,No,5,8048.01
2023-12-14,Online,Central,No,6,12962.66
2023-12-15,Online,Central,No,4,5541.02
2023-12-16,Physical,Western,No,3,3054.18
2023-12-17,Physical,Nairobi,No,3,5038.69
2023-12-18,Physical,Coast,No,2,3167.92
2023-12-19,Physical,Western,No,7,10925.25
2023-12-20,Online,Coast,Yes,3,4499.55
2023-12-21,Online,Nairobi,Yes,7,15341.69
2023-12-22,Physical,Nairobi,No,3,3929.92
2023-12-23,Online,Western,Yes,4,7896.73
2023-12-24,Physical,Nairobi,Yes,4,6265.8
2023-12-25,Physical,Rift Valley,Yes,6,11083.57
2023-12-26,Physical,Central,Yes,4,5250.72
2023-12-27,Online,Western,Yes,2,4174.26
2023-12-28,Physical,Coast,No,5,8486.38
2023-12-29,Physical,Rift Valley,Yes,5,8825.06
2023-12-30,Physical,Western,No,4,7972.68
2023-12-31,Physical,Nairobi,No,6,9372.89
2024-01-01,Online,Nairobi,No,5,9765.94
2024-01-02,Physical,Nairobi,Yes,2,3513.77
2024-01-03,Physical,Nairobi,No,4,6995.28
2024-01-04,Online,Coast,No,4,4576.04
2024-01-05,Online,Rift Valley,No,6,9965.23
2024-01-06,Online,Central,No,6,7668.67
2024-01-07,Online,Coast,No,6,10178.05
2024-01-08,Online,Coast,Yes,5,10216.51
2024-01-09,Physical,Central,No,6,10453.5
2024-01-10,Online,Central,No,4,7246.68
2024-01-11,Online,Nairobi,No,8,12310.71
2024-01-12,Physical,Coast,No,6,7643.53
2024-01-13,Online,Western,Yes,2,2017.02
2024-01-14,Physical,Central,No,5,7603.28
2024-01-15,Online,Central,Yes,5,11646.59
2024-01-16,Online,Rift Valley,Yes,9,17447.72
2024-01-17,Physical,Western,Yes,7,11870.32
2024-01-18,Physical,Western,Yes,3,5323.06
2024-01-19,Physical,Central,No,9,12453.18
2024-01-20,Physical,Nairobi,Yes,6,10753.58
2024-01-21,Physical,Rift Valley,Yes,3,4755.86
2024-01-22,Online,Western,No,8,10826.95
2024-01-23,Online,Central,No,4,6500.61
2024-01-24,Physical,Western,No,7,10296.08
2024-01-25,Physical,Rift Valley,No,10,20625.51
2024-01-26,Physical,Rift Valley,No,6,7549.76
2024-01-27,Online,Coast,Yes,6,11021.95
2024-01-28,Online,Central,Yes,3,5400.29
2024-01-29,Physical,Rift Valley,No,4,5462.78
2024-01-30,Online,Coast,Yes,2,4184.45
2024-01-31,Physical,Coast,No,6,13028.33
2024-02-01,Physical,Western,Yes,6,9685.89
2024-02-02,Online,Western,Yes,5,10466.41
2024-02-03,Physical,Coast,No,5,4631.44
2024-02-04,Physical,Western,No,5,6909.71
2024-02-05,Online,Rift Valley,No,5,10816.15
2024-02-06,Physical,Nairobi,No,5,7417.53
2024-02-07,Physical,Rift Valley,Yes,2,3796.61
2024-02-08,Physical,Coast,Yes,3,4530.45
2024-02-09,Online,Coast,No,1,1734.99
2024-02-10,Physical,Rift Valley,No,3,5969.5
2024-02-11,Online,Western,Yes,3,4371.75
2024-02-12,Online,Western,No,5,11857.8
2024-02-13,Physical,Coast,Yes,6,7149.9
2024-02-14,Online,Central,No,5,7448.92
2024-02-15,Online,Western,Yes,4,6321.08
2024-02-16,Physical,Rift Valley,No,5,7091.31
2024-02-17,Physical,Western,No,6,7471.97
2024-02-18,Physical,Rift Valley,Yes,3,4217.92
2024-02-19,Physical,Coast,No,1,1143.98
2024-02-20,Online,Western,No,3,5587.61
2024-02-21,Online,Rift Valley,Yes,5,9035.97
2024-02-22,Online,Coast,Yes,5,8539.68
2024-02-23,Physical,Central,Yes,4,7289.51
2024-02-24,Physical,Rift Valley,Yes,3,3628.05
2024-02-25,Physical,Central,No,5,7959.56
2024-02-26,Physical,Central,No,4,5887.48
2024-02-27,Online,Nairobi,No,5,8145.99
2024-02-28,Physical,Western,Yes,9,17137.01
2024-02-29,Online,Rift Valley,Yes,3,7563.65
2024-03-01,Physical,Central,Yes,6,11018.56
2024-03-02,Online,Nairobi,No,3,4752.12
2024-03-03,Physical,Coast,No,8,9161.65
2024-03-04,Online,Rift Valley,Yes,5,4950.92
2024-03-05,Online,Central,No,5,8461.01
2024-03-06,Online,Western,No,3,3702.96
2024-03-07,Physical,Nairobi,No,5,3689.6
2024-03-08,Physical,Central,No,2,2789.48
2024-03-09,Online,Western,No,4,6916.12
2024-03-10,Online,Central,No,8,15164.96
2024-03-11,Physical,Rift Valley,No,4,7273.5
2024-03-12,Online,Rift Valley,No,6,11633.91
2024-03-13,Physical,Rift Valley,Yes,8,16291.11
2024-03-14,Physical,Nairobi,Yes,2,2437.03
2024-03-15,Online,Rift Valley,Yes,3,5522.19
2024-03-16,Online,Western,No,7,12889.42
2024-03-17,Physical,Central,Yes,4,6964.0
2024-03-18,Online,Coast,No,8,12790.41
2024-03-19,Online,Western,No,4,6637.08
2024-03-20,Physical,Western,No,4,6294.64
2024-03-21,Physical,Rift Valley,Yes,4,6793.89
2024-03-22,Physical,Nairobi,No,6,7476.7
2024-03-23,Physical,Central,No,7,6924.07
2024-03-24,Online,Nairobi,No,2,3165.34
2024-03-25,Online,Central,Yes,5,9596.57
2024-03-26,Physical,Central,No,5,7569.87
2024-03-27,Physical,Nairobi,Yes,5,10268.79
2024-03-28,Online,Western,Yes,4,9306.26
2024-03-29,Physical,Central,No,6,8812.76
2024-03-30,Online,Nairobi,No,4,6472.14
2024-03-31,Physical,Central,No,5,8359.69
2024-04-01,Online,Coast,No,4,7163.04
2024-04-02,Physical,Western,No,3,4101.7
2024-04-03,Online,Rift Valley,No,3,5602.42
2024-04-04,Online,Central,Yes,4,7367.8
2024-04-05,Online,Coast,No,3,4826.14
2024-04-06,Physical,Rift Valley,Yes,7,13122.18
2024-04-07,Physical,Rift Valley,No,7,9867.55
2024-04-08,Physical,Central,No,6,9170.41
2024-04-09,Physical,Nairobi,Yes,5,9138.26
2024-04-10,Online,Central,No,4,7678.68
2024-04-11,Online,Coast,No,4,7587.55
2024-04-12,Physical,Rift Valley,No,7,11060.79
2024-04-13,Online,Central,No,6,4734.64
2024-04-14,Physical,Nairobi,No,3,4719.02
2024-04-15,Online,Central,No,4,7125.21
2024-04-16,Physical,Western,Yes,4,7729.28
2024-04-17,Online,Nairobi,No,4,5338.05
2024-04-18,Physical,Coast,No,7,6043.64
2024-04-19,Physical,Rift Valley,Yes,6,12018.77
2024-04-20,Physical,Central,Yes,7,9117.77
2024-04-21,Online,Nairobi,No,3,6159.95
2024-04-22,Physical,Western,No,5,6632.02
2024-04-23,Physical,Nairobi,No,5,5959.24
2024-04-24,Physical,Western,No,4,6419.55
2024-04-25,Physical,Coast,Yes,5,9687.9
2024-04-26,Physical,Rift Valley,Yes,2,3834.04
2024-04-27,Physical,Coast,No,6,9902.9
2024-04-28,Physical,Central,Yes,2,2961.62
2024-04-29,Physical,Nairobi,Yes,3,3594.65
2024-04-30,Physical,Western,Yes,3,4771.7
2024-05-01,Online,Western,No,5,6359.58
2024-05-02,Online,Nairobi,No,0,0.0
2024-05-03,Physical,Nairobi,Yes,9,18239.54
2024-05-04,Physical,Central,No,4,6207.24
2024-05-05,Physical,Coast,No,2,2999.43
2024-05-06,Physical,Western,No,5,7034.35
2024-05-07,Online,Central,Yes,3,6808.63
2024-05-08,Online,Coast,No,2,2091.89
2024-05-09,Physical,Central,Yes,5,6544.39
2024-05-10,Online,Western,No,5,11264.11
2024-05-11,Physical,Nairobi,No,3,3370.54
2024-05-12,Online,Nairobi,Yes,4,8396.11
2024-05-13,Physical,Coast,No,2,3442.07
2024-05-14,Physical,Rift Valley,No,9,8299.12
2024-05-15,Physical,Coast,Yes,13,14646.67
2024-05-16,Physical,Rift Valley,No,4,7517.66
2024-05-17,Online,Central,Yes,3,4584.8
2024-05-18,Physical,Central,No,9,10946.79
2024-05-19,Physical,Western,No,2,2687.47
2024-05-20,Online,Rift Valley,No,4,5318.96
2024-05-21,Physical,Western,Yes,7,13345.94
2024-05-22,Physical,Nairobi,No,3,3436.17
2024-05-23,Physical,Rift Valley,No,4,3641.09
2024-05-24,Physical,Coast,No,7,12928.35
2024-05-25,Physical,Nairobi,No,3,3480.38
2024-05-26,Online,Nairobi,No,8,11214.67
2024-05-27,Physical,Coast,Yes,6,12067.81
2024-05-28,Physical,Nairobi,Yes,6,10495.4
2024-05-29,Online,Rift Valley,No,8,16136.58
2024-05-30,Online,Western,Yes,3,6654.69
2024-05-31,Online,Nairobi,No,6,9002.21
2024-06-01,Physical,Rift Valley,No,5,9032.88
2024-06-02,Physical,Central,Yes,8,14263.05
2024-06-03,Online,Rift Valley,No,10,14525.32
2024-06-04,Physical,Western,No,2,3174.24
2024-06-05,Online,Rift Valley,No,4,4871.51
2024-06-06,Physical,Coast,Yes,6,12076.06
2024-06-07,Physical,Western,Yes,4,7871.68
2024-06-08,Physical,Central,No,6,9216.65
2024-06-09,Physical,Coast,No,4,3698.07
2024-06-10,Online,Rift Valley,No,7,14216.68
2024-06-11,Online,Western,No,5,8971.2
2024-06-12,Online,Central,Yes,1,1888.79
2024-06-13,Physical,Coast,No,4,5783.2
2024-06-14,Physical,Central,Yes,12,18477.98
2024-06-15,Physical,Rift Valley,No,10,13966.59
2024-06-16,Physical,Central,No,4,6923.06
2024-06-17,Physical,Nairobi,No,3,4034.95
2024-06-18,Physical,Coast,No,6,8506.26
2024-06-19,Physical,Central,Yes,6,10085.88
2024-06-20,Physical,Rift Valley,No,5,7349.7
2024-06-21,Online,Rift Valley,Yes,2,3326.08
2024-06-22,Physical,Central,No,9,13040.46
2024-06-23,Online,Rift Valley,Yes,6,12166.73
2024-06-24,Physical,Western,No,4,4914.23
2024-06-25,Physical,Western,No,6,8701.97
2024-06-26,Online,Western,Yes,8,21042.47
2024-06-27,Physical,Nairobi,Yes,2,3406.43
2024-06-28,Physical,Central,No,2,2441.75
2024-06-29,Online,Nairobi,No,6,7826.12
2024-06-30,Online,Rift Valley,Yes,6,8504.15
2024-07-01,Physical,Nairobi,Yes,4,9145.42
2024-07-02,Physical,Rift Valley,Yes,9,18654.91
2024-07-03,Physical,Rift Valley,No,3,3339.34
2024-07-04,Physical,Coast,No,5,7820.56
2024-07-05,Physical,Western,Yes,8,17180.55
2024-07-06,Physical,Rift Valley,Yes,5,8555.19
2024-07-07,Physical,Coast,Yes,5,7776.97
2024-07-08,Physical,Western,Yes,7,17486.77
2024-07-09,Online,Rift Valley,No,4,4084.94
2024-07-10,Online,Rift Valley,Yes,6,17379.39
2024-07-11,Online,Nairobi,Yes,5,9601.35
2024-07-12,Physical,Nairobi,No,6,11322.77
2024-07-13,Physical,Western,Yes,5,6553.94
2024-07-14,Physical,Rift Valley,No,5,6411.62
2024-07-15,Online,Central,No,4,5174.46
2024-07-16,Online,Nairobi,No,4,6466.64
2024-07-17,Online,Western,No,5,8757.75
2024-07-18,Online,Rift Valley,No,3,6006.13
2024-07-19,Physical,Rift Valley,No,5,4932.82
2024-07-20,Online,Central,No,7,11912.4
2024-07-21,Online,Western,No,3,5835.96
2024-07-22,Physical,Rift Valley,No,0,0.0
2024-07-23,Online,Nairobi,No,5,7523.14
2024-07-24,Physical,Central,Yes,4,6309.25
2024-07-25,Physical,Western,Yes,1,1693.25
2024-07-26,Online,Central,Yes,5,9840.54
2024-07-27,Physical,Nairobi,No,5,9453.9
2024-07-28,Physical,Western,No,3,3410.91
2024-07-29,Physical,Central,No,1,1264.12
2024-07-30,Online,Coast,No,5,6053.17
2024-07-31,Physical,Nairobi,No,11,17911.59
2024-08-01,Physical,Nairobi,Yes,5,10524.86
2024-08-02,Online,Nairobi,No,5,5905.4
2024-08-03,Physical,Coast,No,7,10686.28
2024-08-04,Physical,Coast,No,4,7234.8
2024-08-05,Physical,Rift Valley,Yes,1,1995.67
2024-08-06,Online,Central,No,5,9525.04
2024-08-07,Physical,Rift Valley,No,7,8001.26
2024-08-08,Online,Central,No,3,5711.74
2024-08-09,Online,Coast,No,3,4765.93
2024-08-10,Online,Coast,No,9,18028.38
2024-08-11,Online,Rift Valley,Yes,1,2067.96
2024-08-12,Online,Western,No,6,8285.31
2024-08-13,Online,Rift Valley,No,6,10452.05
2024-08-14,Physical,Central,No,5,8727.77
2024-08-15,Online,Rift Valley,No,4,5931.6
2024-08-16,Online,Nairobi,Yes,7,13624.66
2024-08-17,Physical,Central,Yes,7,8847.09
2024-08-18,Physical,Central,No,6,9988.26
2024-08-19,Physical,Western,No,5,7415.6
2024-08-20,Online,Coast,No,3,5854.95
2024-08-21,Online,Central,Yes,5,10475.84
2024-08-22,Online,Coast,No,3,4546.9
2024-08-23,Online,Rift Valley,No,1,1370.7
2024-08-24,Online,Nairobi,No,2,2589.58
2024-08-25,Online,Western,Yes,6,10229.6
2024-08-26,Online,Coast,No,4,7770.97
2024-08-27,Online,Central,No,9,9633.89
2024-08-28,Physical,Coast,Yes,4,5470.7
2024-08-29,Online,Central,No,6,11600.82
2024-08-30,Online,Coast,No,8,16708.43
2024-08-31,Physical,Central,No,5,6025.26
2024-09-01,Physical,Rift Valley,No,3,3557.87
2024-09-02,Online,Central,Yes,4,9726.07
2024-09-03,Physical,Central,Yes,3,5047.08
2024-09-04,Physical,Nairobi,No,6,7389.82
2024-09-05,Online,Central,Yes,6,13763.59
2024-09-06,Physical,Nairobi,No,9,14859.4
2024-09-07,Physical,Western,Yes,5,9895.73
2024-09-08,Online,Nairobi,No,5,6859.97
2024-09-09,Online,Rift Valley,No,3,5321.08
2024-09-10,Physical,Nairobi,No,8,14991.09
2024-09-11,Physical,Western,No,6,10153.43
2024-09-12,Online,Rift Valley,No,5,9767.79
2024-09-13,Online,Coast,No,1,2113.04
2024-09-14,Online,Coast,Yes,3,6179.4
2024-09-15,Physical,Nairobi,No,2,2660.93
2024-09-16,Physical,Nairobi,No,7,12341.93
2024-09-17,Online,Western,No,2,2570.23
2024-09-18,Physical,Western,No,2,2866.61
2024-09-19,Physical,Central,No,8,13411.39
2024-09-20,Online,Western,No,3,1764.79
2024-09-21,Online,Central,Yes,6,11959.86
2024-09-22,Physical,Rift Valley,No,6,9539.33
2024-09-23,Physical,Nairobi,No,2,2318.44
2024-09-24,Physical,Rift Valley,Yes,5,9187.11
2024-09-25,Physical,Western,No,2,3113.97
2024-09-26,Online,Rift Valley,Yes,2,3820.78
2024-09-27,Online,Rift Valley,No,5,10212.57
2024-09-28,Physical,Rift Valley,No,4,7054.69
2024-09-29,Online,Western,No,3,5583.58
2024-09-30,Online,Rift Valley,No,5,6560.03
2024-10-01,Online,Central,No,8,13154.22
2024-10-02,Online,Western,Yes,7,16428.95
2024-10-03,Online,Rift Valley,No,5,7895.81
2024-10-04,Online,Western,No,6,12977.44
2024-10-05,Online,Coast,Yes,3,6454.38
2024-10-06,Online,Central,Yes,5,12731.39
2024-10-07,Physical,Rift Valley,Yes,8,10854.16
2024-10-08,Physical,Coast,Yes,5,8358.22
2024-10-09,Physical,Coast,No,6,8891.76
2024-10-10,Physical,Western,No,5,8409.26
2024-10-11,Physical,Coast,Yes,5,7350.92
2024-10-12,Online,Central,No,7,7836.43
2024-10-13,Physical,Central,Yes,5,9277.39
2024-10-14,Physical,Nairobi,No,4,5560.23
2024-10-15,Physical,Central,No,7,9511.54
2024-10-16,Online,Coast,Yes,6,9807.47
2024-10-17,Online,Central,No,9,15217.95
2024-10-18,Online,Western,No,4,5178.55
2024-10-19,Online,Nairobi,Yes,1,1823.8
2024-10-20,Physical,Coast,Yes,8,11512.75
2024-10-21,Physical,Nairobi,No,5,6586.23
2024-10-22,Online,Coast,No,6,10600.54
2024-10-23,Physical,Western,No,5,8477.11
2024-10-24,Physical,Nairobi,No,6,8449.01
2024-10-25,Online,Rift Valley,No,8,15755.07
2024-10-26,Online,Coast,No,2,2658.01
2024-10-27,Online,Rift Valley,No,4,4593.73
2024-10-28,Online,Nairobi,No,1,1209.01
2024-10-29,Online,Rift Valley,Yes,6,8936.3
2024-10-30,Online,Rift Valley,No,8,9733.96
2024-10-31,Online,Nairobi,No,7,16218.87
2024-11-01,Online,Western,Yes,6,7855.15
2024-11-02,Physical,Rift Valley,No,4,7124.91
2024-11-03,Online,Rift Valley,Yes,3,5663.89
2024-11-04,Physical,Western,No,6,9404.28
2024-11-05,Online,Rift Valley,No,6,8106.66
2024-11-06,Physical,Rift Valley,Yes,3,5511.84
2024-11-07,Online,Rift Valley,Yes,1,1550.67
2024-11-08,Online,Central,No,8,15636.1
2024-11-09,Physical,Western,No,2,3603.31
2024-11-10,Physical,Rift Valley,Yes,5,8392.36
2024-11-11,Physical,Western,No,4,5916.76
2024-11-12,Online,Coast,Yes,6,12370.31
2024-11-13,Online,Coast,No,4,7103.72
2024-11-14,Physical,Rift Valley,No,5,9036.22
2024-11-15,Physical,Western,No,5,8993.77
2024-11-16,Physical,Western,No,6,8948.09
2024-11-17,Physical,Western,No,3,4070.5
2024-11-18,Online,Central,No,5,9589.17
2024-11-19,Physical,Coast,Yes,5,8355.41
2024-11-20,Online,Western,Yes,4,7762.66
2024-11-21,Online,Western,Yes,4,8395.02
2024-11-22,Online,Central,No,4,7887.74
2024-11-23,Physical,Central,Yes,4,7259.97
2024-11-24,Online,Western,No,6,8737.35
2024-11-25,Online,Nairobi,No,6,13458.08
2024-11-26,Physical,Western,Yes,6,13517.81
2024-11-27,Online,Western,No,7,9198.41
2024-11-28,Physical,Central,No,5,6132.34
2024-11-29,Online,Central,No,8,11124.92
2024-11-30,Physical,Western,No,4,7018.26
2024-12-01,Physical,Western,No,5,10252.71
2024-12-02,Online,Western,No,1,1482.93
2024-12-03,Online,Central,Yes,7,13732.16
2024-12-04,Online,Western,No,5,7008.2
2024-12-05,Online,Western,No,9,19899.57
2024-12-06,Physical,Rift Valley,Yes,5,10047.83
2024-12-07,Online,Nairobi,No,8,11022.96
2024-12-08,Physical,Coast,Yes,9,8997.23
2024-12-09,Online,Nairobi,No,5,9962.02
2024-12-10,Physical,Rift Valley,Yes,9,13747.43
2024-12-11,Physical,Coast,No,5,8764.1
2024-12-12,Physical,Western,No,6,9528.64
2024-12-13,Physical,Rift Valley,No,3,2849.13
2024-12-14,Online,Western,No,5,6918.82
2024-12-15,Online,Central,Yes,5,8815.51
2024-12-16,Physical,Rift Valley,No,8,10378.1
2024-12-17,Physical,Central,Yes,7,12355.55
2024-12-18,Physical,Rift Valley,No,8,12963.32
2024-12-19,Online,Rift Valley,No,12,26885.87
2024-12-20,Physical,Central,No,2,3283.33
2024-12-21,Physical,Coast,No,6,11683.98
2024-12-22,Online,Nairobi,No,4,5970.6
2024-12-23,Online,Western,No,7,14241.64
2024-12-24,Physical,Rift Valley,No,4,5542.56
2024-12-25,Physical,Western,No,4,4899.58
2024-12-26,Physical,Central,Yes,3,4182.15
2024-12-27,Online,Western,Yes,6,5369.27
2024-12-28,Physical,Central,Yes,6,12117.95
2024-12-29,Online,Western,No,4,4896.94
2024-12-30,Online,Nairobi,Yes,7,17023.24
2024-12-31,Online,Nairobi,No,6,9555.04
2025-01-01,Physical,Nairobi,Yes,6,7131.43
2025-01-02,Physical,Nairobi,Yes,6,8036.3
2025-01-03,Physical,Nairobi,No,2,3114.38
2025-01-04,Online,Nairobi,No,4,4118.46
2025-01-05,Physical,Central,Yes,2,3857.06
2025-01-06,Online,Rift Valley,No,4,4598.44
2025-01-07,Physical,Western,Yes,4,5880.21
2025-01-08,Online,Nairobi,No,3,5146.73
2025-01-09,Online,Central,No,5,9021.56
2025-01-10,Physical,Central,Yes,6,12001.28
2025-01-11,Online,Central,No,4,4875.36
2025-01-12,Physical,Rift Valley,No,4,5629.86
2025-01-13,Physical,Western,No,2,3655.8
2025-01-14,Online,Rift Valley,Yes,9,16024.8
2025-01-15,Physical,Coast,Yes,9,16438.72
2025-01-16,Online,Central,No,8,13628.84
2025-01-17,Physical,Coast,Yes,6,13043.56
2025-01-18,Physical,Nairobi,No,8,10881.82
2025-01-19,Physical,Nairobi,No,4,4332.06
2025-01-20,Online,Rift Valley,No,7,9314.22
2025-01-21,Physical,Western,Yes,6,10740.91
2025-01-22,Physical,Coast,Yes,6,7101.05
2025-01-23,Online,Western,No,7,10292.4
2025-01-24,Online,Rift Valley,Yes,2,3852.24
2025-01-25,Physical,Nairobi,Yes,7,10223.68
2025-01-26,Physical,Western,Yes,6,11026.59
2025-01-27,Physical,Western,No,6,10303.94
2025-01-28,Physical,Nairobi,No,6,9818.84
2025-01-29,Physical,Coast,Yes,5,5955.55
2025-01-30,Online,Nairobi,Yes,7,13492.85
2025-01-31,Online,Western,Yes,5,9786.25
2025-02-01,Online,Coast,No,9,13718.64
2025-02-02,Physical,Coast,No,6,9563.96
2025-02-03,Online,Nairobi,No,5,8707.75
2025-02-04,Physical,Western,No,3,4418.21
2025-02-05,Physical,Rift Valley,No,10,11987.18
2025-02-06,Physical,Western,No,3,4476.04
2025-02-07,Online,Central,No,4,9064.35
2025-02-08,Physical,Rift Valley,Yes,4,6358.62
2025-02-09,Online,Coast,Yes,5,11474.76
2025-02-10,Physical,Rift Valley,Yes,8,13907.25
2025-02-11,Online,Coast,Yes,2,3187.25
2025-02-12,Online,Coast,No,12,18625.48
2025-02-13,Physical,Rift Valley,No,4,5979.76
2025-02-14,Online,Coast,Yes,2,4292.31
2025-02-15,Online,Coast,No,3,7306.24
2025-02-16,Physical,Central,No,1,1516.4
2025-02-17,Physical,Western,Yes,8,10402.83
2025-02-18,Physical,Western,Yes,8,9233.37
2025-02-19,Physical,Central,No,6,8240.79
2025-02-20,Physical,Rift Valley,No,3,3484.72
2025-02-21,Online,Nairobi,Yes,5,10546.13
2025-02-22,Online,Nairobi,Yes,5,10560.07
2025-02-23,Online,Nairobi,No,5,8009.14
2025-02-24,Physical,Central,Yes,3,5855.39
2025-02-25,Physical,Central,No,9,13674.85
2025-02-26,Online,Coast,No,6,13597.8
2025-02-27,Physical,Nairobi,Yes,7,13587.09
2025-02-28,Physical,Rift Valley,No,5,8843.43
2025-03-01,Online,Rift Valley,No,4,4688.47
2025-03-02,Physical,Nairobi,Yes,4,5283.7
2025-03-03,Physical,Nairobi,No,3,4930.95
2025-03-04,Physical,Nairobi,No,11,11387.56
2025-03-05,Online,Central,No,4,5775.69
2025-03-06,Physical,Central,Yes,6,12791.38
2025-03-07,Physical,Central,No,8,10449.95
2025-03-08,Physical,Western,No,4,4548.32
2025-03-09,Physical,Rift Valley,Yes,10,19553.02
2025-03-10,Physical,Rift Valley,Yes,4,9761.47
2025-03-11,Physical,Coast,Yes,6,8676.1
2025-03-12,Online,Central,No,6,12323.57
2025-03-13,Physical,Western,Yes,5,7015.27
2025-03-14,Physical,Western,Yes,4,6744.79
2025-03-15,Online,Rift Valley,No,7,11390.3
2025-03-16,Physical,Central,Yes,3,4365.65
2025-03-17,Physical,Coast,Yes,6,12162.07
2025-03-18,Physical,Central,Yes,5,5968.98
2025-03-19,Physical,Nairobi,Yes,2,3584.58
2025-03-20,Online,Central,Yes,5,11525.73
2025-03-21,Physical,Nairobi,No,1,1737.65
2025-03-22,Physical,Nairobi,Yes,3,5683.41
2025-03-23,Online,Coast,Yes,6,14994.73
2025-03-24,Physical,Rift Valley,No,6,8604.69
2025-03-25,Physical,Central,No,12,12510.99
2025-03-26,Physical,Nairobi,No,3,4621.69
2025-03-27,Physical,Central,No,4,5849.09
2025-03-28,Online,Rift Valley,Yes,3,3283.64
2025-03-29,Online,Rift Valley,No,4,5114.87
2025-03-30,Online,Western,No,0,0.0
2025-03-31,Physical,Rift Valley,Yes,7,10107.9
2025-04-01,Online,Coast,No,7,10738.79
2025-04-02,Online,Nairobi,Yes,3,5336.29
2025-04-03,Online,Western,No,4,5571.98
2025-04-04,Physical,Coast,Yes,6,7754.35
2025-04-05,Physical,Central,No,4,6452.94
2025-04-06,Online,Nairobi,No,3,5065.41
2025-04-07,Online,Rift Valley,No,4,6793.61
2025-04-08,Physical,Nairobi,Yes,7,16371.31
2025-04-09,Physical,Central,No,5,7744.31
2025-04-10,Online,Western,No,4,6116.01
2025-04-11,Physical,Western,No,11,16150.84
2025-04-12,Online,Western,No,2,3365.22
2025-04-13,Online,Rift Valley,No,4,7412.85
2025-04-14,Physical,Coast,No,5,7432.92
2025-04-15,Online,Coast,Yes,4,4640.65
2025-04-16,Physical,Nairobi,No,4,5475.9
2025-04-17,Online,Rift Valley,Yes,1,1898.07
2025-04-18,Physical,Western,No,2,3782.52
2025-04-19,Physical,Western,No,9,11378.08
2025-04-20,Online,Central,No,6,6662.18
2025-04-21,Physical,Central,Yes,7,12230.47
2025-04-22,Online,Western,No,6,11615.15
2025-04-23,Physical,Western,No,4,5527.89
2025-04-24,Online,Rift Valley,No,10,24364.06
2025-04-25,Online,Coast,No,3,7076.02
2025-04-26,Online,Central,Yes,9,16829.97
2025-04-27,Physical,Coast,No,0,0.0
2025-04-28,Physical,Rift Valley,No,8,15284.96
2025-04-29,Physical,Western,Yes,7,11858.05
2025-04-30,Online,Coast,Yes,1,1592.35
2025-05-01,Physical,Western,No,3,5300.04
2025-05-02,Online,Western,No,4,7213.02
2025-05-03,Physical,Nairobi,No,4,5031.19
2025-05-04,Online,Coast,No,5,8710.62
2025-05-05,Online,Coast,Yes,8,14694.06
2025-05-06,Online,Western,Yes,8,14010.85
2025-05-07,Physical,Rift Valley,Yes,4,5815.54
2025-05-08,Physical,Nairobi,Yes,1,1766.88
2025-05-09,Online,Western,Yes,7,12576.25
2025-05-10,Physical,Central,Yes,3,5469.67
2025-05-11,Physical,Central,No,2,3491.9
2025-05-12,Physical,Nairobi,No,7,10986.29
2025-05-13,Online,Rift Valley,No,2,3464.13
2025-05-14,Online,Western,No,8,11771.29
2025-05-15,Physical,Coast,No,6,11113.84
2025-05-16,Online,Nairobi,Yes,4,6301.93
2025-05-17,Online,Rift Valley,Yes,6,7714.49
2025-05-18,Physical,Coast,Yes,5,6777.55
2025-05-19,Physical,Central,Yes,3,6245.46
2025-05-20,Online,Central,No,9,16212.93
2025-05-21,Online,Coast,Yes,5,11976.91
2025-05-22,Physical,Nairobi,Yes,5,6342.74
2025-05-23,Online,Central,Yes,6,16668.14
2025-05-24,Online,Western,No,5,7781.92
2025-05-25,Online,Coast,No,4,4276.35
2025-05-26,Physical,Coast,No,3,6476.2
2025-05-27,Physical,Central,Yes,2,2546.03
2025-05-28,Online,Nairobi,No,6,9112.17
2025-05-29,Online,Western,No,3,4746.31
2025-05-30,Online,Nairobi,No,4,7186.19
2025-05-31,Physical,Rift Valley,No,6,7575.65
2025-06-01,Online,Rift Valley,Yes,4,9167.68
2025-06-02,Online,Central,No,7,13290.9
2025-06-03,Physical,Central,No,9,13551.48
2025-06-04,Online,Central,Yes,10,24000.83
2025-06-05,Physical,Rift Valley,No,7,10357.5
2025-06-06,Online,Nairobi,No,6,9354.22
2025-06-07,Online,Nairobi,Yes,5,13278.9
2025-06-08,Online,Central,No,4,6990.37
2025-06-09,Physical,Western,No,2,2408.61
2025-06-10,Physical,Nairobi,No,3,3734.76
2025-06-11,Physical,Rift Valley,Yes,4,6926.16
2025-06-12,Online,Coast,No,10,8586.61
2025-06-13,Physical,Coast,Yes,2,3013.24
2025-06-14,Online,Coast,No,1,1616.87
2025-06-15,Online,Western,Yes,4,7336.19
2025-06-16,Physical,Central,No,9,10104.9
2025-06-17,Online,Rift Valley,No,6,9011.94
2025-06-18,Online,Western,No,10,20393.35
2025-06-19,Online,Rift Valley,No,6,11826.83
2025-06-20,Online,Rift Valley,No,4,6726.21
2025-06-21,Online,Central,No,4,6509.04
2025-06-22,Physical,Coast,Yes,9,15023.15
2025-06-23,Online,Central,No,5,8639.91
2025-06-24,Physical,Western,Yes,4,7041.55
2025-06-25,Physical,Western,No,2,3194.48
2025-06-26,Online,Western,Yes,5,10439.65
2025-06-27,Online,Central,No,4,5001.34
2025-06-28,Online,Rift Valley,No,5,7738.06
2025-06-29,Physical,Rift Valley,No,2,3118.75
2025-06-30,Online,Nairobi,Yes,6,9185.79
2025-07-01,Physical,Western,No,5,6489.27
2025-07-02,Online,Rift Valley,No,4,6312.38
2025-07-03,Physical,Nairobi,No,4,5797.4
2025-07-04,Online,Rift Valley,Yes,2,3959.4
2025-07-05,Online,Western,No,4,5480.6
2025-07-06,Physical,Coast,No,6,10742.44
2025-07-07,Physical,Western,No,5,7234.39
2025-07-08,Online,Central,No,7,11885.41
2025-07-09,Physical,Rift Valley,No,1,1389.05
2025-07-10,Physical,Rift Valley,Yes,2,3612.6
2025-07-11,Physical,Central,Yes,5,11507.86
2025-07-12,Physical,Central,Yes,6,9565.22
2025-07-13,Online,Coast,Yes,8,13526.91
2025-07-14,Online,Rift Valley,No,5,6880.24
2025-07-15,Online,Rift Valley,No,9,14672.92
2025-07-16,Physical,Coast,Yes,1,1700.43
2025-07-17,Physical,Nairobi,No,3,4546.3
2025-07-18,Online,Coast,Yes,5,10376.02
2025-07-19,Online,Western,No,4,7051.66
2025-07-20,Physical,Rift Valley,No,2,2986.49
2025-07-21,Physical,Central,Yes,4,9596.25
2025-07-22,Physical,Western,Yes,2,3926.57
2025-07-23,Online,Rift Valley,No,3,3871.63
2025-07-24,Online,Coast,Yes,9,11799.86
2025-07-25,Online,Western,No,5,7102.18
2025-07-26,Physical,Rift Valley,No,2,3091.6
2025-07-27,Online,Nairobi,No,6,8356.59
2025-07-28,Physical,Nairobi,Yes,6,9050.81
2025-07-29,Online,Central,No,6,9951.61
2025-07-30,Physical,Rift Valley,No,4,5589.63
2025-07-31,Physical,Nairobi,No,8,7085.52
2025-08-01,Physical,Coast,Yes,5,10483.13
2025-08-02,Online,Rift Valley,No,8,15430.69
2025-08-03,Online,Coast,No,9,11033.19
2025-08-04,Online,Coast,No,5,8343.87
2025-08-05,Physical,Nairobi,Yes,6,8038.74
2025-08-06,Physical,Rift Valley,No,6,7904.17
2025-08-07,Physical,Western,Yes,6,11356.34
2025-08-08,Physical,Nairobi,No,6,10458.08
2025-08-09,Physical,Nairobi,No,2,3471.99
2025-08-10,Online,Rift Valley,No,2,3461.59
2025-08-11,Physical,Rift Valley,No,6,11295.37
2025-08-12,Online,Coast,No,8,11588.12
2025-08-13,Online,Rift Valley,No,6,9130.51
2025-08-14,Physical,Coast,Yes,8,6638.83
2025-08-15,Online,Nairobi,No,5,8096.46
2025-08-16,Online,Central,No,6,11047.79
2025-08-17,Physical,Western,No,8,12684.62
2025-08-18,Online,Nairobi,Yes,2,3321.37
2025-08-19,Physical,Rift Valley,No,8,14026.86
2025-08-20,Online,Western,No,2,3251.27
2025-08-21,Online,Central,Yes,8,17506.87
2025-08-22,Online,Central,No,3,5431.29
2025-08-23,Online,Coast,Yes,9,21942.91
2025-08-24,Physical,Western,Yes,7,12894.56
2025-08-25,Online,Coast,Yes,7,14902.81
2025-08-26,Physical,Nairobi,Yes,4,6794.13
2025-08-27,Physical,Western,No,8,10793.06
2025-08-28,Physical,Nairobi,Yes,3,5682.91
2025-08-29,Physical,Coast,No,5,9754.1
2025-08-30,Physical,Western,Yes,3,4537.56
2025-08-31,Online,Coast,No,4,6272.46
2025-09-01,Online,Western,No,2,3317.59
2025-09-02,Online,Coast,Yes,2,4314.84
2025-09-03,Physical,Central,Yes,5,9220.92
2025-09-04,Online,Coast,No,9,17561.8
2025-09-05,Physical,Central,Yes,6,14435.99
2025-09-06,Physical,Coast,No,5,6541.65
2025-09-07,Online,Western,Yes,1,2128.89
2025-09-08,Physical,Western,No,6,9577.15
2025-09-09,Online,Western,Yes,6,11428.35
2025-09-10,Online,Rift Valley,No,3,5550.02
2025-09-11,Physical,Nairobi,Yes,4,6531.81
2025-09-12,Physical,Western,No,4,6387.65
2025-09-13,Physical,Central,Yes,4,5098.7
2025-09-14,Online,Western,No,5,7360.95
2025-09-15,Online,Rift Valley,No,7,13969.77
2025-09-16,Physical,Central,Yes,7,14511.94
2025-09-17,Physical,Rift Valley,No,5,7889.15
2025-09-18,Physical,Central,Yes,13,20393.07
2025-09-19,Online,Coast,No,8,15378.7
2025-09-20,Physical,Nairobi,No,2,3741.89
2025-09-21,Online,Nairobi,No,3,4541.76
2025-09-22,Online,Rift Valley,Yes,5,6726.6
2025-09-23,Physical,Nairobi,No,9,14712.66
2025-09-24,Online,Rift Valley,No,7,13660.8
2025-09-25,Physical,Rift Valley,No,6,10057.47
2025-09-26,Online,Rift Valley,No,7,15165.33
2025-09-27,Online,Nairobi,No,5,10839.35
2025-09-28,Physical,Rift Valley,No,6,8450.28
2025-09-29,Physical,Nairobi,No,4,6238.79
2025-09-30,Physical,Rift Valley,Yes,3,4661.09
2025-10-01,Physical,Western,No,7,8353.67
2025-10-02,Physical,Rift Valley,No,6,7265.81
2025-10-03,Physical,Central,No,4,6860.43
2025-10-04,Physical,Rift Valley,No,5,7954.33
2025-10-05,Online,Coast,No,5,9718.44
2025-10-06,Physical,Rift Valley,Yes,3,7795.23
2025-10-07,Online,Central,No,2,3629.91
2025-10-08,Physical,Central,No,1,1263.62
2025-10-09,Physical,Nairobi,No,3,5431.61
2025-10-10,Online,Western,Yes,2,3182.86
2025-10-11,Physical,Rift Valley,Yes,6,13969.06
2025-10-12,Physical,Nairobi,Yes,4,4179.4
2025-10-13,Online,Western,No,4,5878.56
2025-10-14,Physical,Rift Valley,Yes,7,13577.46
2025-10-15,Physical,Coast,No,4,7413.03
2025-10-16,Online,Rift Valley,No,3,4279.79
2025-10-17,Physical,Central,Yes,4,5715.6
2025-10-18,Online,Central,No,4,6795.84
2025-10-19,Physical,Coast,No,5,10363.49
2025-10-20,Physical,Nairobi,No,6,6230.92
2025-10-21,Physical,Western,No,3,4217.29
2025-10-22,Physical,Rift Valley,No,4,6312.22
2025-10-23,Physical,Central,No,3,3783.65
2025-10-24,Physical,Nairobi,No,2,2520.37
2025-10-25,Online,Coast,No,0,0.0
2025-10-26,Physical,Central,Yes,5,9129.92
2025-10-27,Online,Coast,No,4,6342.52
2025-10-28,Physical,Rift Valley,No,7,13577.69
2025-10-29,Online,Western,No,1,1845.56
2025-10-30,Online,Central,Yes,3,6128.73
2025-10-31,Online,Central,No,5,9945.63
2025-11-01,Physical,Rift Valley,Yes,5,9316.38
2025-11-02,Online,Nairobi,No,7,10526.24
2025-11-03,Physical,Western,No,2,2842.11
2025-11-04,Online,Central,Yes,4,5875.52
2025-11-05,Online,Western,No,4,9246.44
2025-11-06,Physical,Central,No,4,7116.87
2025-11-07,Physical,Western,No,6,4392.75
2025-11-08,Online,Coast,Yes,8,19227.38
2025-11-09,Physical,Central,Yes,6,7315.52
2025-11-10,Physical,Western,Yes,5,9523.15
2025-11-11,Physical,Nairobi,Yes,3,2893.83
2025-11-12,Online,Coast,No,2,3017.43
2025-11-13,Online,Coast,Yes,7,16844.69
2025-11-14,Physical,Nairobi,No,3,5756.97
2025-11-15,Online,Western,Yes,6,12083.53
2025-11-16,Physical,Rift Valley,No,2,3472.48
2025-11-17,Physical,Nairobi,No,7,7531.5
2025-11-18,Physical,Western,No,4,6646.0
2025-11-19,Physical,Nairobi,Yes,9,18167.26
2025-11-20,Physical,Nairobi,No,9,20438.31
2025-11-21,Online,Central,No,3,4333.01
2025-11-22,Physical,Western,Yes,10,17306.24
2025-11-23,Online,Rift Valley,Yes,8,15417.16
2025-11-24,Physical,Central,No,3,5128.73
2025-11-25,Physical,Nairobi,No,6,10584.92
2025-11-26,Physical,Nairobi,No,5,9091.37
2025-11-27,Physical,Nairobi,Yes,4,8263.39
2025-11-28,Physical,Western,No,1,1055.66
2025-11-29,Online,Western,No,3,2362.94
2025-11-30,Online,Central,No,5,7401.28
2025-12-01,Physical,Rift Valley,No,5,7446.87
2025-12-02,Online,Central,No,7,10133.35
2025-12-03,Online,Coast,No,2,2996.6
2025-12-04,Online,Nairobi,Yes,4,7079.57
2025-12-05,Online,Nairobi,No,4,7362.22
2025-12-06,Online,Nairobi,Yes,4,6020.86
2025-12-07,Online,Central,No,8,12994.53
2025-12-08,Online,Central,No,9,14641.58
2025-12-09,Online,Nairobi,No,6,10998.3
2025-12-10,Physical,Central,Yes,3,6377.57
2025-12-11,Online,Western,No,5,11028.78
2025-12-12,Online,Western,No,5,7019.12
2025-12-13,Physical,Central,Yes,4,4140.04
2025-12-14,Online,Nairobi,Yes,3,5417.06
2025-12-15,Physical,Central,Yes,2,2353.85
2025-12-16,Physical,Central,Yes,3,8005.29
2025-12-17,Online,Central,Yes,3,4698.73
2025-12-18,Online,Coast,Yes,6,12668.85
2025-12-19,Physical,Western,Yes,6,12283.52
2025-12-20,Physical,Rift Valley,No,2,3204.37
2025-12-21,Physical,Rift Valley,No,2,4246.03
2025-12-22,Physical,Coast,No,3,4317.77
2025-12-23,Online,Central,No,10,13744.89
2025-12-24,Physical,Coast,No,1,1234.01
2025-12-25,Online,Coast,No,4,7590.01
2025-12-26,Physical,Nairobi,No,3,4329.18
2025-12-27,Physical,Western,No,8,9872.43
2025-12-28,Physical,Rift Valley,No,1,1632.39
2025-12-29,Physical,Central,Yes,8,15757.53
2025-12-30,Online,Rift Valley,Yes,8,16003.68
2025-12-31,Online,Rift Valley,No,5,9734.33
2026-01-01,Online,Western,No,9,15111.65
2026-01-02,Online,Rift Valley,Yes,5,8361.1
2026-01-03,Physical,Rift Valley,No,10,17434.2
2026-01-04,Online,Coast,No,9,12206.44
2026-01-05,Online,Western,No,4,5109.87
2026-01-06,Physical,Nairobi,No,5,9233.92
2026-01-07,Physical,Central,No,7,9769.52
2026-01-08,Physical,Rift Valley,No,8,15997.64
2026-01-09,Physical,Central,No,4,7027.91
2026-01-10,Online,Nairobi,Yes,2,3473.31
2026-01-11,Online,Central,No,8,14483.62
2026-01-12,Physical,Nairobi,No,7,15809.6
2026-01-13,Physical,Coast,No,5,8631.41
2026-01-14,Online,Rift Valley,No,9,16577.65
2026-01-15,Physical,Nairobi,No,8,10572.67
2026-01-16,Online,Central,No,6,13552.22
2026-01-17,Online,Rift Valley,No,6,12509.52
2026-01-18,Physical,Coast,No,5,6621.66
2026-01-19,Physical,Rift Valley,No,4,8256.5
2026-01-20,Physical,Nairobi,No,9,13944.83
2026-01-21,Online,Coast,Yes,2,3157.15
2026-01-22,Physical,Central,No,8,10563.56
2026-01-23,Online,Coast,No,5,9698.21
2026-01-24,Online,Coast,No,4,5499.78
2026-01-25,Physical,Western,No,5,5845.33
2026-01-26,Physical,Coast,No,3,4105.01
2026-01-27,Physical,Coast,No,8,11305.17
2026-01-28,Physical,Rift Valley,No,7,9086.04
2026-01-29,Physical,Central,Yes,4,6273.56
2026-01-30,Physical,Rift Valley,Yes,2,4082.68
2026-01-31,Online,Rift Valley,Yes,3,5984.53
2026-02-01,Online,Nairobi,No,2,2959.68
2026-02-02,Online,Rift Valley,No,7,10561.67
2026-02-03,Online,Western,No,5,8032.77
2026-02-04,Physical,Western,No,6,8866.05
2026-02-05,Physical,Nairobi,No,2,2957.89
2026-02-06,Online,Central,Yes,6,13389.32
2026-02-07,Online,Central,No,3,5145.07
2026-02-08,Physical,Rift Valley,No,3,4703.81
2026-02-09,Online,Rift Valley,Yes,3,7316.9
2026-02-10,Physical,Rift Valley,Yes,6,14234.67
2026-02-11,Physical,Central,Yes,5,6501.57
2026-02-12,Physical,Coast,Yes,8,9442.21
2026-02-13,Physical,Western,No,4,5580.71
2026-02-14,Physical,Coast,Yes,5,9975.9
2026-02-15,Online,Coast,No,5,8870.38
2026-02-16,Physical,Central,No,7,12713.61
2026-02-17,Physical,Coast,No,6,8293.75
2026-02-18,Online,Nairobi,No,1,1004.29
2026-02-19,Physical,Rift Valley,No,2,2179.93
2026-02-20,Physical,Nairobi,No,7,11685.94
2026-02-21,Physical,Western,No,9,16366.73
2026-02-22,Physical,Rift Valley,Yes,10,10671.55
2026-02-23,Physical,Coast,No,7,13462.38
2026-02-24,Physical,Western,Yes,7,13197.09
2026-02-25,Physical,Rift Valley,No,2,2957.75
2026-02-26,Physical,Coast,Yes,5,7543.73
2026-02-27,Physical,Nairobi,No,5,9886.74
2026-02-28,Physical,Rift Valley,No,7,12383.71
2026-03-01,Physical,Coast,No,5,8236.24
2026-03-02,Online,Nairobi,Yes,6,9719.6
2026-03-03,Physical,Western,Yes,4,9127.57
2026-03-04,Physical,Western,Yes,11,19090.18
2026-03-05,Online,Western,Yes,5,10054.89
2026-03-06,Physical,Western,No,6,9131.51
2026-03-07,Online,Central,Yes,3,4820.92
2026-03-08,Online,Rift Valley,No,1,1755.51
2026-03-09,Physical,Rift Valley,No,5,8545.41
2026-03-10,Online,Central,Yes,5,8649.55
2026-03-11,Physical,Coast,No,5,7851.11
2026-03-12,Physical,Coast,Yes,6,10471.09
2026-03-13,Physical,Western,Yes,1,2040.72
2026-03-14,Online,Nairobi,Yes,11,19624.57
2026-03-15,Online,Coast,No,1,1724.77
2026-03-16,Physical,Nairobi,No,5,8155.75
2026-03-17,Physical,Rift Valley,No,6,8421.18
2026-03-18,Physical,Nairobi,No,5,6261.97
2026-03-19,Online,Rift Valley,Yes,5,8230.2
2026-03-20,Physical,Central,No,3,4868.27
2026-03-21,Physical,Central,No,5,7147.03
2026-03-22,Physical,Western,Yes,2,3278.47
2026-03-23,Online,Coast,Yes,7,14887.42
2026-03-24,Physical,Western,No,6,10835.08
2026-03-25,Physical,Rift Valley,Yes,5,10680.71
2026-03-26,Physical,Western,No,4,5265.0
2026-03-27,Online,Nairobi,Yes,4,8990.73
2026-03-28,Physical,Rift Valley,Yes,6,14665.92
2026-03-29,Physical,Central,Yes,11,19453.44
2026-03-30,Online,Coast,Yes,6,11218.07
2026-03-31,Physical,Rift Valley,No,4,5661.89
2026-04-01,Physical,Rift Valley,No,0,0.0
2026-04-02,Online,Nairobi,No,5,9639.72
2026-04-03,Online,Coast,No,3,4881.83
2026-04-04,Physical,Central,No,2,2910.17
2026-04-05,Online,Rift Valley,No,4,7507.29
2026-04-06,Physical,Rift Valley,Yes,5,9969.61
2026-04-07,Online,Nairobi,No,8,11613.77
2026-04-08,Physical,Western,No,2,2653.82
2026-04-09,Online,Central,Yes,4,6646.78
2026-04-10,Physical,Coast,No,9,19206.49
2026-04-11,Physical,Rift Valley,Yes,2,4469.23
2026-04-12,Physical,Rift Valley,No,5,8560.56
2026-04-13,Physical,Central,No,6,8324.26
2026-04-14,Online,Western,No,6,9391.28
